Transaction ID,Date,Quarter,Business Unit,Revenue,Cost,Profit,Profit Margin (%),Employees,Active Customers,Customer Acquisition Cost,Average Contract Value
TXN1000,2021-01-01,Q1 2021,Digital Services,101463.86,32622.09,67802.95,65.7,5,44,111.64,6200.33
TXN1001,2021-01-01,Q1 2021,Digital Services,97659.3,29340.66,61004.58,65.7,5,44,144.1,6200.33
TXN1002,2021-01-01,Q1 2021,Hardware Sales,68163.43,36759.06,21227.54,36.7,3,32,129.73,5698.53
TXN1003,2021-01-01,Q1 2021,Hardware Sales,64403.9,41978.8,25733.02,36.7,3,32,158.67,5698.53
TXN1004,2021-01-01,Q1 2021,Consulting,43453.82,21293.25,25110.96,48.9,2,18,164.9,7155.43
TXN1005,2021-01-01,Q1 2021,Consulting,48646.98,19933.63,19984.94,48.9,2,18,73.11,7155.43
TXN1006,2021-01-01,Q1 2021,Cloud Infrastructure,113732.4,41965.8,61069.79,58.4,6,66,67.34,4369.04
TXN1007,2021-01-01,Q1 2021,Cloud Infrastructure,95656.07,40923.07,65153.91,58.4,6,66,87.57,4369.04
TXN1016,2021-01-31,Q1 2021,Cloud Infrastructure,121141.39,55476.44,76726.87,59.2,6,57,153.76,6332.96
TXN1015,2021-01-31,Q1 2021,Cloud Infrastructure,119295.09,50104.14,79113.81,59.2,6,57,199.3,6332.96
TXN1014,2021-01-31,Q1 2021,Consulting,46234.69,24697.59,22043.23,52.0,2,23,104.47,5724.38
TXN1013,2021-01-31,Q1 2021,Consulting,46176.09,20724.41,25779.19,52.0,2,23,66.28,5724.38
TXN1010,2021-01-31,Q1 2021,Hardware Sales,74236.56,47645.51,27774.04,36.5,3,29,176.35,7138.67
TXN1011,2021-01-31,Q1 2021,Hardware Sales,63828.73,49469.62,24516.28,36.5,3,29,79.13,7138.67
TXN1009,2021-01-31,Q1 2021,Digital Services,94312.48,30341.26,58089.79,63.3,5,50,153.39,5493.8
TXN1008,2021-01-31,Q1 2021,Digital Services,103051.04,35090.76,66034.94,63.3,5,50,92.41,5493.8
TXN1012,2021-01-31,Q1 2021,Consulting,51598.57,25231.49,23814.92,52.0,2,23,96.48,5724.38
TXN1024,2021-03-02,Q1 2021,Consulting,54271.41,22407.82,20659.89,48.5,2,19,183.04,7465.33
TXN1027,2021-03-02,Q1 2021,Cloud Infrastructure,113438.28,51784.96,72746.68,61.8,6,49,95.97,7312.42
TXN1026,2021-03-02,Q1 2021,Cloud Infrastructure,134074.15,41753.67,82091.1,61.8,6,49,175.89,7312.42
TXN1025,2021-03-02,Q1 2021,Consulting,55478.66,23386.94,20812.49,48.5,2,19,172.6,7465.33
TXN1023,2021-03-02,Q1 2021,Consulting,54936.84,23156.54,27411.37,48.5,2,19,102.41,7465.33
TXN1020,2021-03-02,Q1 2021,Hardware Sales,78572.85,51026.84,27676.97,35.5,3,24,50.4,9216.01
TXN1021,2021-03-02,Q1 2021,Hardware Sales,88215.94,55686.57,25209.94,35.5,3,24,93.87,9216.01
TXN1019,2021-03-02,Q1 2021,Digital Services,107678.06,34780.91,67791.33,65.4,5,44,171.37,6409.84
TXN1018,2021-03-02,Q1 2021,Digital Services,109564.22,33811.11,58856.35,65.4,5,44,94.05,6409.84
TXN1017,2021-03-02,Q1 2021,Digital Services,109245.45,29601.48,65471.09,65.4,5,44,86.04,6409.84
TXN1022,2021-03-02,Q1 2021,Hardware Sales,77857.1,55637.66,31308.76,35.5,3,24,88.63,9216.01
TXN1037,2021-04-01,Q2 2021,Cloud Infrastructure,155755.4,58427.8,77478.97,60.4,7,75,154.98,5509.47
TXN1036,2021-04-01,Q2 2021,Cloud Infrastructure,146385.38,50138.84,91231.78,60.4,7,75,199.41,5509.47
TXN1035,2021-04-01,Q2 2021,Consulting,48613.81,24489.0,24365.67,51.5,2,22,119.98,5987.2
TXN1034,2021-04-01,Q2 2021,Consulting,46957.76,21876.3,22302.55,51.5,2,22,89.6,5987.2
TXN1033,2021-04-01,Q2 2021,Consulting,51661.65,24542.94,24793.88,51.5,2,22,119.4,5987.2
TXN1032,2021-04-01,Q2 2021,Hardware Sales,63038.44,44118.67,24338.68,35.4,3,32,134.33,6276.9
TXN1030,2021-04-01,Q2 2021,Digital Services,112970.0,34659.48,65894.57,66.4,5,53,73.56,6129.5
TXN1029,2021-04-01,Q2 2021,Digital Services,117103.27,35691.08,83674.02,66.4,5,53,137.61,6129.5
TXN1028,2021-04-01,Q2 2021,Digital Services,113779.21,37193.11,68578.0,66.4,5,53,57.2,6129.5
TXN1031,2021-04-01,Q2 2021,Hardware Sales,76759.01,50744.08,22237.12,35.4,3,32,62.27,6276.9
TXN1043,2021-05-01,Q2 2021,Consulting,45463.97,22443.58,20481.72,51.0,2,23,167.69,5602.55
TXN1046,2021-05-01,Q2 2021,Cloud Infrastructure,131212.34,64039.66,91189.65,60.7,7,58,179.82,7089.55
TXN1044,2021-05-01,Q2 2021,Consulting,44257.6,19433.67,20906.2,51.0,2,23,128.15,5602.55
TXN1042,2021-05-01,Q2 2021,Hardware Sales,65658.59,44778.92,28111.6,34.8,3,31,184.25,6842.19
TXN1045,2021-05-01,Q2 2021,Cloud Infrastructure,131921.3,55579.69,92809.52,60.7,7,58,111.58,7089.55
TXN1040,2021-05-01,Q2 2021,Digital Services,116447.68,34224.53,76664.11,66.6,6,67,75.85,4915.75
TXN1039,2021-05-01,Q2 2021,Digital Services,125372.46,39660.04,80151.01,66.6,6,67,162.15,4915.75
TXN1041,2021-05-01,Q2 2021,Hardware Sales,74284.73,45821.83,22497.45,34.8,3,31,86.25,6842.19
TXN1038,2021-05-01,Q2 2021,Digital Services,108859.43,36810.83,80684.23,66.6,6,67,58.07,4915.75
TXN1056,2021-05-31,Q2 2021,Cloud Infrastructure,144024.86,50234.9,88553.75,61.4,8,90,149.14,4484.95
TXN1055,2021-05-31,Q2 2021,Cloud Infrastructure,130195.77,60353.04,83383.28,61.4,8,90,130.99,4484.95
TXN1054,2021-05-31,Q2 2021,Cloud Infrastructure,121755.3,57955.5,74562.01,61.4,8,90,62.72,4484.95
TXN1053,2021-05-31,Q2 2021,Consulting,45643.35,19494.49,27357.02,51.9,2,22,145.66,5996.93
TXN1052,2021-05-31,Q2 2021,Consulting,44236.89,25238.54,25148.56,51.9,2,22,154.91,5996.93
TXN1051,2021-05-31,Q2 2021,Consulting,50031.57,20736.8,25745.27,51.9,2,22,173.41,5996.93
TXN1050,2021-05-31,Q2 2021,Hardware Sales,72080.76,51163.47,23608.6,35.6,3,33,183.14,6632.75
TXN1049,2021-05-31,Q2 2021,Hardware Sales,73669.11,49780.66,24668.19,35.6,3,33,139.61,6632.75
TXN1048,2021-05-31,Q2 2021,Digital Services,120797.82,37062.07,72435.6,65.8,6,60,110.15,5053.55
TXN1047,2021-05-31,Q2 2021,Digital Services,108060.72,32469.38,71346.14,65.8,6,60,98.39,5053.55
TXN1065,2021-06-30,Q2 2021,Cloud Infrastructure,159568.15,59096.57,95252.59,60.3,9,99,78.7,4473.58
TXN1064,2021-06-30,Q2 2021,Cloud Infrastructure,138064.63,57987.53,84047.86,60.3,9,99,63.83,4473.58
TXN1063,2021-06-30,Q2 2021,Cloud Infrastructure,164293.32,69551.33,91457.34,60.3,9,99,86.75,4473.58
TXN1062,2021-06-30,Q2 2021,Consulting,45829.79,26749.09,24437.96,50.6,2,22,92.35,6317.06
TXN1057,2021-06-30,Q2 2021,Digital Services,112252.81,33493.46,81632.01,65.3,6,58,100.91,5543.2
TXN1060,2021-06-30,Q2 2021,Hardware Sales,72720.99,44579.32,23896.85,33.7,4,46,100.33,4049.18
TXN1059,2021-06-30,Q2 2021,Hardware Sales,71844.2,37400.74,24575.12,33.7,4,46,152.14,4049.18
TXN1058,2021-06-30,Q2 2021,Digital Services,116732.76,37174.42,81627.63,65.3,6,58,159.4,5543.2
TXN1061,2021-06-30,Q2 2021,Consulting,47283.06,21331.37,24349.13,50.6,2,22,147.21,6317.06
TXN1073,2021-07-30,Q3 2021,Consulting,44178.73,21907.87,24939.15,51.1,2,18,121.68,7775.48
TXN1077,2021-07-30,Q3 2021,Cloud Infrastructure,163214.91,62880.12,108376.78,59.0,9,86,172.39,5407.9
TXN1076,2021-07-30,Q3 2021,Cloud Infrastructure,149110.45,60365.7,92232.84,59.0,9,86,179.5,5407.9
TXN1075,2021-07-30,Q3 2021,Cloud Infrastructure,183572.25,68997.78,92426.47,59.0,9,86,141.8,5407.9
TXN1074,2021-07-30,Q3 2021,Consulting,42935.72,24094.81,27373.02,51.1,2,18,113.5,7775.48
TXN1072,2021-07-30,Q3 2021,Consulting,42932.81,25343.96,23765.73,51.1,2,18,197.08,7775.48
TXN1066,2021-07-30,Q3 2021,Digital Services,123892.65,42697.41,81902.58,66.0,7,63,158.41,5492.23
TXN1070,2021-07-30,Q3 2021,Hardware Sales,67584.48,48798.73,26782.87,33.3,4,34,151.26,6203.46
TXN1069,2021-07-30,Q3 2021,Hardware Sales,83390.51,51429.77,26529.13,33.3,4,34,153.26,6203.46
TXN1068,2021-07-30,Q3 2021,Digital Services,121304.42,40533.09,72673.02,66.0,7,63,113.08,5492.23
TXN1067,2021-07-30,Q3 2021,Digital Services,106723.0,46834.43,71277.4,66.0,7,63,66.73,5492.23
TXN1071,2021-07-30,Q3 2021,Hardware Sales,63402.48,43409.71,23533.11,33.3,4,34,191.65,6203.46
TXN1086,2021-08-29,Q3 2021,Cloud Infrastructure,162286.45,74114.32,100827.76,60.1,10,89,91.61,5630.03
TXN1085,2021-08-29,Q3 2021,Cloud Infrastructure,189133.74,62708.13,95290.21,60.1,10,89,141.9,5630.03
TXN1084,2021-08-29,Q3 2021,Consulting,57954.54,24935.13,25942.33,50.4,3,31,141.45,4781.26
TXN1083,2021-08-29,Q3 2021,Consulting,44571.46,22493.67,27342.97,50.4,3,31,73.87,4781.26
TXN1081,2021-08-29,Q3 2021,Hardware Sales,57166.56,32563.35,26038.83,38.1,4,39,179.67,4468.28
TXN1080,2021-08-29,Q3 2021,Hardware Sales,59976.04,36907.27,22409.53,38.1,4,39,180.25,4468.28
TXN1079,2021-08-29,Q3 2021,Digital Services,110185.21,44529.26,64646.51,63.3,7,83,135.06,3920.86
TXN1078,2021-08-29,Q3 2021,Digital Services,119613.34,43088.05,75288.25,63.3,7,83,58.64,3920.86
TXN1082,2021-08-29,Q3 2021,Hardware Sales,57104.26,37985.0,20662.33,38.1,4,39,64.01,4468.28
TXN1093,2021-09-28,Q3 2021,Cloud Infrastructure,209454.11,73120.3,104418.28,58.5,11,106,139.26,5037.71
TXN1095,2021-09-28,Q3 2021,Cloud Infrastructure,193156.71,75363.87,124823.75,58.5,11,106,64.83,5037.71
TXN1094,2021-09-28,Q3 2021,Cloud Infrastructure,183765.73,87053.43,106223.92,58.5,11,106,121.67,5037.71
TXN1092,2021-09-28,Q3 2021,Consulting,58252.33,30183.94,29071.1,50.4,3,32,167.19,4773.05
TXN1090,2021-09-28,Q3 2021,Hardware Sales,63217.23,40007.24,25014.69,32.0,4,35,182.41,5605.58
TXN1091,2021-09-28,Q3 2021,Consulting,48643.64,23519.98,28803.37,50.4,3,32,169.94,4773.05
TXN1089,2021-09-28,Q3 2021,Hardware Sales,61431.03,48169.79,25062.56,32.0,4,35,185.38,5605.58
TXN1088,2021-09-28,Q3 2021,Digital Services,117262.78,50185.68,90409.26,66.6,7,74,80.81,5187.54
TXN1087,2021-09-28,Q3 2021,Digital Services,129554.54,46405.39,85172.29,66.6,7,74,65.07,5187.54
TXN1105,2021-10-28,Q4 2021,Cloud Infrastructure,177103.11,82408.45,110800.19,58.9,11,100,178.76,5158.89
TXN1104,2021-10-28,Q4 2021,Cloud Infrastructure,177562.77,70408.56,99756.69,58.9,11,100,194.88,5158.89
TXN1103,2021-10-28,Q4 2021,Consulting,46244.58,22903.15,21515.41,49.9,3,33,174.17,4174.34
TXN1102,2021-10-28,Q4 2021,Consulting,52393.95,22078.38,27036.04,49.9,3,33,182.68,4174.34
TXN1101,2021-10-28,Q4 2021,Consulting,45567.33,26885.67,23109.02,49.9,3,33,104.52,4174.34
TXN1099,2021-10-28,Q4 2021,Hardware Sales,71205.98,42635.7,24564.33,33.8,4,32,144.19,5986.83
TXN1098,2021-10-28,Q4 2021,Hardware Sales,70330.91,41209.96,22799.38,33.8,4,32,130.65,5986.83
TXN1097,2021-10-28,Q4 2021,Digital Services,135739.03,46508.78,90047.47,65.6,8,68,106.27,5164.3
TXN1096,2021-10-28,Q4 2021,Digital Services,137404.06,45422.39,77156.24,65.6,8,68,184.77,5164.3
TXN1100,2021-10-28,Q4 2021,Hardware Sales,58207.91,45003.75,24979.45,33.8,4,32,135.14,5986.83
TXN1113,2021-11-27,Q4 2021,Consulting,60738.36,32043.78,32394.57,50.2,3,26,168.18,6222.17
TXN1116,2021-11-27,Q4 2021,Cloud Infrastructure,198435.7,90034.56,125900.42,61.5,12,107,152.73,5527.58
TXN1115,2021-11-27,Q4 2021,Cloud Infrastructure,196773.91,72393.67,126106.74,61.5,12,107,89.49,5527.58
TXN1114,2021-11-27,Q4 2021,Cloud Infrastructure,229518.94,77219.16,133001.1,61.5,12,107,147.11,5527.58
TXN1112,2021-11-27,Q4 2021,Consulting,51351.77,30940.68,31842.11,50.2,3,26,74.91,6222.17
TXN1111,2021-11-27,Q4 2021,Consulting,60853.93,29449.56,28934.87,50.2,3,26,139.52,6222.17
TXN1110,2021-11-27,Q4 2021,Hardware Sales,81403.81,58934.58,27421.27,32.2,4,45,120.21,4879.12
TXN1108,2021-11-27,Q4 2021,Hardware Sales,68543.25,52472.1,24376.51,32.2,4,45,149.51,4879.12
TXN1107,2021-11-27,Q4 2021,Digital Services,132039.13,48359.4,103145.64,63.4,8,86,159.92,5056.27
TXN1106,2021-11-27,Q4 2021,Digital Services,165534.27,54972.08,106014.35,63.4,8,86,53.35,5056.27
TXN1109,2021-11-27,Q4 2021,Hardware Sales,77931.07,45058.01,21445.8,32.2,4,45,155.2,4879.12
TXN1126,2021-12-27,Q4 2021,Cloud Infrastructure,267503.36,92955.03,128559.04,60.6,13,132,81.02,5189.57
TXN1117,2021-12-27,Q4 2021,Digital Services,137176.51,51382.56,92230.96,63.3,8,85,65.61,5108.93
TXN1118,2021-12-27,Q4 2021,Digital Services,169007.75,54838.52,103088.43,63.3,8,85,119.53,5108.93
TXN1119,2021-12-27,Q4 2021,Hardware Sales,67535.82,43554.58,30388.67,35.5,4,46,171.29,4710.25
TXN1120,2021-12-27,Q4 2021,Hardware Sales,68571.7,44830.93,28104.86,35.5,4,46,164.7,4710.25
TXN1121,2021-12-27,Q4 2021,Hardware Sales,82558.61,44219.88,30631.05,35.5,4,46,84.17,4710.25
TXN1122,2021-12-27,Q4 2021,Consulting,69470.85,32703.8,33290.58,49.6,3,35,119.23,4975.74
TXN1123,2021-12-27,Q4 2021,Consulting,54309.3,28319.21,32626.1,49.6,3,35,168.84,4975.74
TXN1124,2021-12-27,Q4 2021,Cloud Infrastructure,258265.2,92870.43,159562.62,60.6,13,132,61.43,5189.57
TXN1125,2021-12-27,Q4 2021,Cloud Infrastructure,238465.24,93582.73,135497.98,60.6,13,132,191.54,5189.57
TXN1135,2022-01-26,Q1 2022,Cloud Infrastructure,259120.33,88417.1,135274.88,60.2,14,126,128.58,5487.94
TXN1136,2022-01-26,Q1 2022,Cloud Infrastructure,260616.19,99688.82,145656.12,60.2,14,126,139.57,5487.94
TXN1133,2022-01-26,Q1 2022,Consulting,62565.36,31025.9,37575.0,51.5,3,24,194.67,7993.59
TXN1132,2022-01-26,Q1 2022,Consulting,73591.5,34615.21,30997.74,51.5,3,24,106.1,7993.59
TXN1134,2022-01-26,Q1 2022,Cloud Infrastructure,224361.94,91970.49,148247.97,60.2,14,126,183.0,5487.94
TXN1130,2022-01-26,Q1 2022,Hardware Sales,83075.84,58275.51,35059.79,37.4,4,37,150.21,6996.13
TXN1129,2022-01-26,Q1 2022,Digital Services,183920.32,53668.91,102140.61,65.1,9,84,150.35,5623.35
TXN1131,2022-01-26,Q1 2022,Hardware Sales,82125.26,63205.0,35029.23,37.4,4,37,56.54,6996.13
TXN1128,2022-01-26,Q1 2022,Digital Services,176752.64,58219.84,110437.12,65.1,9,84,134.7,5623.35
TXN1127,2022-01-26,Q1 2022,Digital Services,163034.12,61805.98,111382.87,65.1,9,84,63.05,5623.35
TXN1145,2022-02-25,Q1 2022,Cloud Infrastructure,262338.03,104279.28,177903.14,59.7,15,165,122.92,4897.75
TXN1144,2022-02-25,Q1 2022,Cloud Infrastructure,319015.21,124964.14,152500.81,59.7,15,165,112.99,4897.75
TXN1143,2022-02-25,Q1 2022,Consulting,59014.69,28094.7,36345.41,51.4,3,34,58.65,5480.19
TXN1142,2022-02-25,Q1 2022,Consulting,58754.76,35941.74,34152.72,51.4,3,34,98.05,5480.19
TXN1140,2022-02-25,Q1 2022,Hardware Sales,104360.79,61382.98,35111.08,37.7,4,47,76.1,5585.08
TXN1139,2022-02-25,Q1 2022,Digital Services,182765.53,71731.58,140840.77,64.9,9,104,180.3,5436.48
TXN1138,2022-02-25,Q1 2022,Digital Services,177906.19,64993.72,122901.21,64.9,9,104,170.15,5436.48
TXN1137,2022-02-25,Q1 2022,Digital Services,216900.24,63436.48,122398.81,64.9,9,104,127.16,5436.48
TXN1141,2022-02-25,Q1 2022,Hardware Sales,102482.42,52399.21,36153.38,37.7,4,47,190.47,5585.08
TXN1152,2022-03-27,Q1 2022,Consulting,76731.31,31751.99,36504.09,48.2,3,35,106.81,5518.88
TXN1155,2022-03-27,Q1 2022,Cloud Infrastructure,346769.15,128863.99,168476.49,59.7,16,129,52.28,6754.3
TXN1153,2022-03-27,Q1 2022,Cloud Infrastructure,281410.65,112280.62,205925.14,59.7,16,129,123.94,6754.3
TXN1151,2022-03-27,Q1 2022,Consulting,72289.67,38026.16,36870.35,48.2,3,35,53.27,5518.88
TXN1154,2022-03-27,Q1 2022,Cloud Infrastructure,326879.77,122033.69,186561.47,59.7,16,129,137.62,6754.3
TXN1149,2022-03-27,Q1 2022,Hardware Sales,95906.01,47277.8,30484.15,36.2,4,46,83.11,5256.2
TXN1148,2022-03-27,Q1 2022,Digital Services,179292.76,62114.91,138676.74,66.4,10,101,63.59,5462.23
TXN1147,2022-03-27,Q1 2022,Digital Services,194692.27,63999.29,140845.2,66.4,10,101,83.89,5462.23
TXN1146,2022-03-27,Q1 2022,Digital Services,198799.28,65469.91,140951.51,66.4,10,101,154.52,5462.23
TXN1150,2022-03-27,Q1 2022,Hardware Sales,79643.41,59080.49,29453.03,36.2,4,46,62.5,5256.2
TXN1164,2022-04-26,Q2 2022,Cloud Infrastructure,328580.33,122674.9,195331.29,61.4,17,158,176.87,6531.87
TXN1162,2022-04-26,Q2 2022,Consulting,85162.71,32077.38,41402.71,50.1,3,26,111.51,8199.79
TXN1161,2022-04-26,Q2 2022,Consulting,72018.64,37977.09,38455.11,50.1,3,26,110.31,8199.79
TXN1160,2022-04-26,Q2 2022,Consulting,76574.53,41609.7,35428.09,50.1,3,26,76.17,8199.79
TXN1163,2022-04-26,Q2 2022,Cloud Infrastructure,377997.21,141635.42,212380.54,61.4,17,158,79.3,6531.87
TXN1158,2022-04-26,Q2 2022,Hardware Sales,108818.37,55139.88,38069.57,36.4,4,39,148.21,7300.94
TXN1157,2022-04-26,Q2 2022,Digital Services,215832.33,75370.04,129655.32,65.2,10,95,141.09,5890.7
TXN1156,2022-04-26,Q2 2022,Digital Services,181081.97,75488.6,123508.3,65.2,10,95,130.55,5890.7
TXN1159,2022-04-26,Q2 2022,Hardware Sales,88318.06,69578.34,37462.91,36.4,4,39,64.75,7300.94
TXN1175,2022-05-26,Q2 2022,Cloud Infrastructure,383797.47,139178.98,233087.7,59.1,18,174,104.58,5670.91
TXN1165,2022-05-26,Q2 2022,Digital Services,223146.17,75859.35,122174.03,66.5,11,127,64.26,4627.22
TXN1166,2022-05-26,Q2 2022,Digital Services,215930.7,70958.59,132386.01,66.5,11,127,73.88,4627.22
TXN1167,2022-05-26,Q2 2022,Digital Services,205320.31,62513.16,122093.44,66.5,11,127,180.6,4627.22
TXN1168,2022-05-26,Q2 2022,Hardware Sales,99714.25,59692.32,33626.3,36.2,5,54,118.06,4919.96
TXN1169,2022-05-26,Q2 2022,Hardware Sales,80278.4,59944.14,32898.6,36.2,5,54,73.63,4919.96
TXN1170,2022-05-26,Q2 2022,Hardware Sales,82866.71,58489.44,29216.96,36.2,5,54,197.99,4919.96
TXN1171,2022-05-26,Q2 2022,Consulting,66310.18,38375.91,31794.61,50.6,3,24,146.24,8465.93
TXN1172,2022-05-26,Q2 2022,Consulting,79749.11,39224.33,39298.55,50.6,3,24,172.62,8465.93
TXN1173,2022-05-26,Q2 2022,Consulting,73876.0,40119.18,33114.7,50.6,3,24,151.78,8465.93
TXN1174,2022-05-26,Q2 2022,Cloud Infrastructure,353362.95,135631.37,179747.32,59.1,18,174,67.42,5670.91
TXN1184,2022-06-25,Q2 2022,Cloud Infrastructure,304813.76,139578.79,190165.24,58.6,20,203,55.41,4565.51
TXN1183,2022-06-25,Q2 2022,Consulting,76721.62,37901.91,34952.85,47.7,4,33,111.93,5931.47
TXN1186,2022-06-25,Q2 2022,Cloud Infrastructure,338278.71,128217.12,172940.59,58.6,20,203,170.8,4565.51
TXN1185,2022-06-25,Q2 2022,Cloud Infrastructure,307570.42,133791.14,194091.84,58.6,20,203,65.73,4565.51
TXN1182,2022-06-25,Q2 2022,Consulting,64166.2,36363.34,30962.58,47.7,4,33,173.73,5931.47
TXN1177,2022-06-25,Q2 2022,Digital Services,201585.39,63798.3,122342.27,65.5,12,112,172.7,5103.27
TXN1180,2022-06-25,Q2 2022,Hardware Sales,98414.01,56475.65,30443.37,34.0,5,58,53.71,4434.29
TXN1179,2022-06-25,Q2 2022,Hardware Sales,77592.48,59773.92,28311.47,34.0,5,58,110.68,4434.29
TXN1178,2022-06-25,Q2 2022,Digital Services,208141.33,68792.88,146330.26,65.5,12,112,73.91,5103.27
TXN1181,2022-06-25,Q2 2022,Hardware Sales,85097.31,61798.27,28974.57,34.0,5,58,80.87,4434.29
TXN1176,2022-06-25,Q2 2022,Digital Services,196893.97,76023.33,125372.36,65.5,12,112,184.99,5103.27
TXN1198,2022-07-25,Q3 2022,Cloud Infrastructure,296320.56,161857.64,185468.31,58.0,21,169,199.49,5814.96
TXN1197,2022-07-25,Q3 2022,Cloud Infrastructure,372239.39,125148.67,175802.86,58.0,21,169,66.38,5814.96
TXN1196,2022-07-25,Q3 2022,Cloud Infrastructure,302887.62,135643.67,227542.33,58.0,21,169,134.06,5814.96
TXN1195,2022-07-25,Q3 2022,Consulting,62582.57,33256.29,29611.92,48.0,4,46,108.63,4166.86
TXN1194,2022-07-25,Q3 2022,Consulting,62262.97,32422.24,32171.66,48.0,4,46,109.56,4166.86
TXN1193,2022-07-25,Q3 2022,Consulting,66943.76,35352.68,35554.78,48.0,4,46,162.35,4166.86
TXN1192,2022-07-25,Q3 2022,Hardware Sales,86091.48,59940.69,26735.4,33.2,5,49,150.42,4976.08
TXN1191,2022-07-25,Q3 2022,Hardware Sales,74192.42,64155.5,26156.48,33.2,5,49,72.36,4976.08
TXN1190,2022-07-25,Q3 2022,Hardware Sales,77317.08,54178.67,28894.0,33.2,5,49,149.84,4976.08
TXN1189,2022-07-25,Q3 2022,Digital Services,199786.64,76031.87,134018.12,63.5,12,129,174.25,4250.95
TXN1188,2022-07-25,Q3 2022,Digital Services,195689.08,74658.19,121485.39,63.5,12,129,123.25,4250.95
TXN1187,2022-07-25,Q3 2022,Digital Services,175525.31,72296.95,135236.3,63.5,12,129,171.46,4250.95
TXN1208,2022-08-24,Q3 2022,Cloud Infrastructure,351818.46,154071.53,221525.13,58.5,23,199,113.07,5586.12
TXN1207,2022-08-24,Q3 2022,Cloud Infrastructure,337840.0,165520.35,241731.2,58.5,23,199,157.22,5586.12
TXN1206,2022-08-24,Q3 2022,Cloud Infrastructure,350919.97,156624.2,241679.95,58.5,23,199,106.01,5586.12
TXN1205,2022-08-24,Q3 2022,Consulting,62818.18,35876.44,38893.13,51.6,4,41,179.7,4602.44
TXN1204,2022-08-24,Q3 2022,Consulting,67979.12,33876.79,31976.03,51.6,4,41,113.45,4602.44
TXN1201,2022-08-24,Q3 2022,Hardware Sales,87064.96,51078.35,31669.97,35.6,5,45,58.09,5624.25
TXN1202,2022-08-24,Q3 2022,Hardware Sales,77148.54,59990.48,27512.57,35.6,5,45,128.19,5624.25
TXN1200,2022-08-24,Q3 2022,Digital Services,235546.45,86429.67,134824.17,65.9,13,155,188.79,4095.06
TXN1199,2022-08-24,Q3 2022,Digital Services,193476.93,73912.56,162136.3,65.9,13,155,128.72,4095.06
TXN1203,2022-08-24,Q3 2022,Consulting,60490.98,31398.02,37787.07,51.6,4,41,159.31,4602.44
TXN1216,2022-09-23,Q3 2022,Cloud Infrastructure,393841.81,136842.64,192723.97,58.7,24,275,124.34,3884.89
TXN1215,2022-09-23,Q3 2022,Cloud Infrastructure,359287.72,154205.67,189310.79,58.7,24,275,51.16,3884.89
TXN1214,2022-09-23,Q3 2022,Consulting,75600.95,32913.82,36079.14,51.8,4,47,168.46,4554.99
TXN1213,2022-09-23,Q3 2022,Consulting,70828.65,33097.19,40883.29,51.8,4,47,120.8,4554.99
TXN1211,2022-09-23,Q3 2022,Hardware Sales,88824.25,44457.85,30139.37,35.0,5,58,63.41,3907.98
TXN1210,2022-09-23,Q3 2022,Digital Services,200581.24,73775.12,146419.71,65.4,13,130,182.24,4449.76
TXN1209,2022-09-23,Q3 2022,Digital Services,174559.6,60274.29,144311.42,65.4,13,130,129.16,4449.76
TXN1212,2022-09-23,Q3 2022,Hardware Sales,88773.82,53218.78,25083.06,35.0,5,58,55.91,3907.98
TXN1223,2022-10-23,Q4 2022,Consulting,65737.04,34596.79,30355.49,48.3,4,47,57.6,4279.22
TXN1227,2022-10-23,Q4 2022,Cloud Infrastructure,424635.83,154179.61,248038.3,59.1,26,267,195.89,4236.61
TXN1225,2022-10-23,Q4 2022,Consulting,60778.09,38077.49,31373.78,48.3,4,47,133.19,4279.22
TXN1224,2022-10-23,Q4 2022,Consulting,62876.42,31233.9,36432.52,48.3,4,47,161.02,4279.22
TXN1222,2022-10-23,Q4 2022,Hardware Sales,102055.46,65114.38,31575.72,35.0,5,46,157.81,6064.91
TXN1226,2022-10-23,Q4 2022,Cloud Infrastructure,420644.1,173623.05,258321.24,59.1,26,267,176.74,4236.61
TXN1220,2022-10-23,Q4 2022,Hardware Sales,103711.96,61240.12,37820.41,35.0,5,46,199.24,6064.91
TXN1219,2022-10-23,Q4 2022,Digital Services,215719.64,88178.28,161669.51,63.3,14,128,92.84,5446.3
TXN1218,2022-10-23,Q4 2022,Digital Services,229909.83,83703.01,169882.98,63.3,14,128,109.31,5446.3
TXN1221,2022-10-23,Q4 2022,Hardware Sales,89089.15,69213.75,34274.03,35.0,5,46,194.81,6064.91
TXN1217,2022-10-23,Q4 2022,Digital Services,241696.72,91894.44,142676.49,63.3,14,128,161.85,5446.3
TXN1237,2022-11-22,Q4 2022,Cloud Infrastructure,470298.07,181999.87,305290.68,58.9,28,334,102.06,4045.07
TXN1236,2022-11-22,Q4 2022,Cloud Infrastructure,444308.89,191574.96,281889.72,58.9,28,334,72.87,4045.07
TXN1235,2022-11-22,Q4 2022,Consulting,70984.63,37918.61,44771.19,50.4,4,41,102.84,5595.13
TXN1234,2022-11-22,Q4 2022,Consulting,87171.89,36630.41,41033.12,50.4,4,41,148.67,5595.13
TXN1233,2022-11-22,Q4 2022,Consulting,87891.96,36872.29,37107.39,50.4,4,41,53.32,5595.13
TXN1232,2022-11-22,Q4 2022,Hardware Sales,85923.18,67815.07,30091.64,35.2,5,50,164.58,5306.28
TXN1231,2022-11-22,Q4 2022,Hardware Sales,83738.03,54529.76,33618.87,35.2,5,50,68.71,5306.28
TXN1230,2022-11-22,Q4 2022,Digital Services,284370.3,98872.66,190305.61,63.3,15,122,122.13,6477.17
TXN1229,2022-11-22,Q4 2022,Digital Services,302348.05,105151.04,193302.3,63.3,15,122,82.04,6477.17
TXN1228,2022-11-22,Q4 2022,Digital Services,284673.63,113228.73,168567.83,63.3,15,122,107.54,6477.17
TXN1246,2022-12-22,Q4 2022,Cloud Infrastructure,544881.08,171126.27,282056.95,61.5,30,287,53.07,4876.75
TXN1245,2022-12-22,Q4 2022,Cloud Infrastructure,422911.42,205052.1,331547.22,61.5,30,287,130.5,4876.75
TXN1244,2022-12-22,Q4 2022,Consulting,97454.96,51687.92,41841.45,49.0,4,33,66.86,7840.27
TXN1243,2022-12-22,Q4 2022,Consulting,97403.29,42687.34,48805.97,49.0,4,33,156.41,7840.27
TXN1247,2022-12-22,Q4 2022,Cloud Infrastructure,501546.56,209256.74,310630.07,61.5,30,287,62.04,4876.75
TXN1241,2022-12-22,Q4 2022,Hardware Sales,110199.55,58232.45,36461.79,36.9,5,58,72.02,4806.03
TXN1240,2022-12-22,Q4 2022,Hardware Sales,88654.97,56706.43,38015.1,36.9,5,58,169.18,4806.03
TXN1239,2022-12-22,Q4 2022,Digital Services,239758.59,87807.87,154555.71,66.7,16,183,153.74,4037.27
TXN1238,2022-12-22,Q4 2022,Digital Services,251841.57,93756.53,178046.44,66.7,16,183,51.02,4037.27
TXN1242,2022-12-22,Q4 2022,Hardware Sales,95803.26,57395.93,34408.52,36.9,5,58,170.5,4806.03
TXN1258,2023-01-21,Q1 2023,Cloud Infrastructure,496741.16,245449.8,385370.88,61.8,32,293,174.9,5548.89
TXN1256,2023-01-21,Q1 2023,Cloud Infrastructure,554880.28,235574.56,337411.85,61.8,32,293,195.89,5548.89
TXN1255,2023-01-21,Q1 2023,Consulting,95845.97,41269.92,43099.62,47.6,5,42,128.68,5745.85
TXN1254,2023-01-21,Q1 2023,Consulting,87348.68,38434.65,42361.23,47.6,5,42,180.27,5745.85
TXN1253,2023-01-21,Q1 2023,Consulting,75769.24,41171.87,35926.75,47.6,5,42,137.97,5745.85
TXN1257,2023-01-21,Q1 2023,Cloud Infrastructure,637027.83,191010.29,387273.85,61.8,32,293,151.07,5548.89
TXN1251,2023-01-21,Q1 2023,Hardware Sales,119197.48,79021.24,31820.8,34.0,5,52,59.61,5826.05
TXN1250,2023-01-21,Q1 2023,Hardware Sales,97893.68,64831.96,33088.34,34.0,5,52,81.24,5826.05
TXN1249,2023-01-21,Q1 2023,Digital Services,305944.08,129586.41,221527.2,64.4,16,138,165.15,6690.36
TXN1248,2023-01-21,Q1 2023,Digital Services,283414.17,113809.77,199100.18,64.4,16,138,84.65,6690.36
TXN1252,2023-01-21,Q1 2023,Hardware Sales,116850.43,71264.01,33074.25,34.0,5,52,119.27,5826.05
TXN1267,2023-02-20,Q1 2023,Cloud Infrastructure,716969.83,278388.27,417560.31,59.6,34,330,183.83,5764.77
TXN1266,2023-02-20,Q1 2023,Cloud Infrastructure,628916.35,268012.8,371376.68,59.6,34,330,118.37,5764.77
TXN1265,2023-02-20,Q1 2023,Consulting,114341.78,55709.93,48876.7,48.8,5,40,166.2,7493.43
TXN1264,2023-02-20,Q1 2023,Consulting,91080.29,60843.85,50061.5,48.8,5,40,188.81,7493.43
TXN1262,2023-02-20,Q1 2023,Hardware Sales,105944.03,73481.69,38592.32,35.8,6,57,70.02,5310.62
TXN1261,2023-02-20,Q1 2023,Hardware Sales,112240.97,64992.9,37639.7,35.8,6,57,72.1,5310.62
TXN1260,2023-02-20,Q1 2023,Digital Services,394689.23,142741.82,253195.74,63.5,17,150,62.78,6974.63
TXN1259,2023-02-20,Q1 2023,Digital Services,394011.38,117096.96,227403.64,63.5,17,150,66.21,6974.63
TXN1263,2023-02-20,Q1 2023,Consulting,106347.47,61110.13,56749.0,48.8,5,40,98.8,7493.43
TXN1273,2023-03-22,Q1 2023,Consulting,109052.71,48423.51,52706.16,50.1,5,42,149.58,7010.93
TXN1275,2023-03-22,Q1 2023,Cloud Infrastructure,651650.58,268459.33,471881.28,61.9,37,352,146.05,5911.82
TXN1274,2023-03-22,Q1 2023,Cloud Infrastructure,818997.14,271650.95,467870.44,61.9,37,352,54.68,5911.82
TXN1272,2023-03-22,Q1 2023,Consulting,89975.85,46361.82,46556.16,50.1,5,42,100.45,7010.93
TXN1268,2023-03-22,Q1 2023,Digital Services,330460.23,115044.41,223588.94,66.1,18,196,158.1,4769.9
TXN1270,2023-03-22,Q1 2023,Hardware Sales,124225.2,72636.05,34730.1,35.2,6,50,76.23,6578.84
TXN1269,2023-03-22,Q1 2023,Digital Services,323691.96,126515.6,196578.27,66.1,18,196,55.94,4769.9
TXN1271,2023-03-22,Q1 2023,Hardware Sales,129882.84,69208.44,44561.51,35.2,6,50,105.56,6578.84
TXN1285,2023-04-21,Q2 2023,Cloud Infrastructure,859446.0,274377.0,427379.79,61.5,39,380,107.99,5974.73
TXN1284,2023-04-21,Q2 2023,Cloud Infrastructure,744210.31,338058.93,459657.85,61.5,39,380,102.34,5974.73
TXN1283,2023-04-21,Q2 2023,Consulting,83313.79,46283.98,40403.7,49.4,5,56,181.85,4842.81
TXN1282,2023-04-21,Q2 2023,Consulting,91556.88,53819.48,46742.79,49.4,5,56,163.24,4842.81
TXN1281,2023-04-21,Q2 2023,Consulting,108182.19,41659.5,49507.85,49.4,5,56,74.69,4842.81
TXN1279,2023-04-21,Q2 2023,Hardware Sales,125703.46,92903.99,44895.35,32.6,6,63,176.78,5657.14
TXN1278,2023-04-21,Q2 2023,Hardware Sales,113663.15,80446.0,42035.6,32.6,6,63,131.36,5657.14
TXN1277,2023-04-21,Q2 2023,Digital Services,355405.51,127919.02,244794.06,66.3,19,223,58.17,4481.35
TXN1276,2023-04-21,Q2 2023,Digital Services,323098.88,113400.69,252589.11,66.3,19,223,187.14,4481.35
TXN1280,2023-04-21,Q2 2023,Hardware Sales,131955.32,81462.34,38013.16,32.6,6,63,193.35,5657.14
TXN1292,2023-05-21,Q2 2023,Cloud Infrastructure,726122.63,259919.1,509692.94,60.3,42,503,158.62,4204.75
TXN1294,2023-05-21,Q2 2023,Cloud Infrastructure,733536.77,262595.16,451273.89,60.3,42,503,144.79,4204.75
TXN1293,2023-05-21,Q2 2023,Cloud Infrastructure,766140.89,325567.58,423781.43,60.3,42,503,150.03,4204.75
TXN1291,2023-05-21,Q2 2023,Consulting,124672.12,47063.7,57743.97,51.1,5,47,93.83,6782.68
TXN1290,2023-05-21,Q2 2023,Consulting,97804.27,53383.79,63152.94,51.1,5,47,119.1,6782.68
TXN1289,2023-05-21,Q2 2023,Hardware Sales,126174.1,81517.82,45098.32,36.3,6,54,79.22,6335.21
TXN1288,2023-05-21,Q2 2023,Hardware Sales,127772.73,81000.49,39467.07,36.3,6,54,121.54,6335.21
TXN1287,2023-05-21,Q2 2023,Digital Services,313761.27,117060.88,233660.25,66.5,20,207,96.8,4833.15
TXN1286,2023-05-21,Q2 2023,Digital Services,334256.17,114965.14,260435.28,66.5,20,207,127.03,4833.15
TXN1303,2023-06-20,Q2 2023,Cloud Infrastructure,840604.4,356421.29,398917.55,58.9,45,388,153.72,5755.15
TXN1302,2023-06-20,Q2 2023,Cloud Infrastructure,854726.96,287366.97,473058.58,58.9,45,388,175.58,5755.15
TXN1301,2023-06-20,Q2 2023,Consulting,94332.09,43140.5,54052.74,52.2,5,53,70.47,5005.52
TXN1300,2023-06-20,Q2 2023,Consulting,83941.07,39884.49,49112.21,52.2,5,53,92.18,5005.52
TXN1299,2023-06-20,Q2 2023,Hardware Sales,120711.4,69710.32,38093.61,32.9,6,68,161.29,4535.84
TXN1298,2023-06-20,Q2 2023,Hardware Sales,115057.38,71647.4,31596.41,32.9,6,68,157.93,4535.84
TXN1297,2023-06-20,Q2 2023,Hardware Sales,100384.47,77237.68,31998.93,32.9,6,68,153.86,4535.84
TXN1296,2023-06-20,Q2 2023,Digital Services,374170.88,124236.61,235535.84,66.3,21,174,147.92,6176.47
TXN1295,2023-06-20,Q2 2023,Digital Services,346792.4,110184.11,230514.76,66.3,21,174,96.66,6176.47
TXN1312,2023-07-20,Q3 2023,Cloud Infrastructure,710283.11,348216.8,500223.07,60.2,48,540,146.0,4256.76
TXN1311,2023-07-20,Q3 2023,Cloud Infrastructure,704236.58,302829.97,497474.15,60.2,48,540,190.67,4256.76
TXN1310,2023-07-20,Q3 2023,Consulting,85512.8,42473.62,49139.88,52.4,6,48,116.02,5464.94
TXN1309,2023-07-20,Q3 2023,Consulting,89571.51,41662.12,49347.77,52.4,6,48,60.12,5464.94
TXN1313,2023-07-20,Q3 2023,Cloud Infrastructure,917691.42,303596.28,465217.94,60.2,48,540,130.38,4256.76
TXN1307,2023-07-20,Q3 2023,Hardware Sales,135343.08,83862.09,48533.32,37.6,6,71,147.74,4788.76
TXN1306,2023-07-20,Q3 2023,Digital Services,321419.14,109318.47,210362.2,64.8,22,244,130.39,4155.6
TXN1305,2023-07-20,Q3 2023,Digital Services,316996.37,124658.07,207810.75,64.8,22,244,179.27,4155.6
TXN1304,2023-07-20,Q3 2023,Digital Services,382166.98,110630.36,228390.03,64.8,22,244,182.11,4155.6
TXN1308,2023-07-20,Q3 2023,Hardware Sales,125042.57,66503.45,44301.67,37.6,6,71,114.37,4788.76
TXN1324,2023-08-19,Q3 2023,Cloud Infrastructure,969962.57,381963.06,504444.17,61.8,52,597,112.17,4379.74
TXN1323,2023-08-19,Q3 2023,Cloud Infrastructure,788883.59,386754.81,636830.87,61.8,52,597,97.01,4379.74
TXN1322,2023-08-19,Q3 2023,Cloud Infrastructure,951182.1,389755.53,562387.57,61.8,52,597,173.68,4379.74
TXN1321,2023-08-19,Q3 2023,Consulting,94581.18,44706.31,42472.53,48.4,6,68,149.5,4062.79
TXN1320,2023-08-19,Q3 2023,Consulting,84194.58,45283.25,45736.91,48.4,6,68,195.55,4062.79
TXN1318,2023-08-19,Q3 2023,Hardware Sales,120554.93,68419.42,40236.6,32.7,6,70,173.68,4502.28
TXN1317,2023-08-19,Q3 2023,Hardware Sales,115506.2,63726.96,33571.09,32.7,6,70,135.09,4502.28
TXN1316,2023-08-19,Q3 2023,Hardware Sales,111384.64,82016.88,33434.03,32.7,6,70,129.43,4502.28
TXN1315,2023-08-19,Q3 2023,Digital Services,444642.72,120977.3,233739.96,65.7,23,248,116.81,4497.14
TXN1314,2023-08-19,Q3 2023,Digital Services,346544.3,139900.85,268963.4,65.7,23,248,98.47,4497.14
TXN1319,2023-08-19,Q3 2023,Consulting,85403.47,56549.56,41186.13,48.4,6,68,170.88,4062.79
TXN1334,2023-09-18,Q3 2023,Cloud Infrastructure,877774.49,345553.72,501722.99,58.0,55,646,168.07,4124.3
TXN1333,2023-09-18,Q3 2023,Cloud Infrastructure,874145.71,438502.38,474576.68,58.0,55,646,84.33,4124.3
TXN1332,2023-09-18,Q3 2023,Consulting,113798.82,53684.66,49482.2,47.7,6,57,165.44,5398.73
TXN1330,2023-09-18,Q3 2023,Hardware Sales,121931.52,71498.41,35181.85,32.3,6,51,151.36,6548.48
TXN1331,2023-09-18,Q3 2023,Consulting,113080.96,56769.62,49894.79,47.7,6,57,155.79,5398.73
TXN1328,2023-09-18,Q3 2023,Hardware Sales,131172.14,74116.52,34216.04,32.3,6,51,118.27,6548.48
TXN1327,2023-09-18,Q3 2023,Digital Services,380340.95,121642.11,243796.6,64.1,25,240,83.09,4415.24
TXN1326,2023-09-18,Q3 2023,Digital Services,404363.92,121022.28,269908.58,64.1,25,240,108.15,4415.24
TXN1325,2023-09-18,Q3 2023,Digital Services,407558.51,135769.41,265814.71,64.1,25,240,103.94,4415.24
TXN1329,2023-09-18,Q3 2023,Hardware Sales,120623.46,71386.84,32652.04,32.3,6,51,64.21,6548.48
TXN1343,2023-10-18,Q4 2023,Cloud Infrastructure,945479.47,430695.28,544267.18,58.1,59,504,180.34,5208.25
TXN1341,2023-10-18,Q4 2023,Cloud Infrastructure,837525.21,335408.32,576976.27,58.1,59,504,172.62,5208.25
TXN1340,2023-10-18,Q4 2023,Consulting,119607.44,52836.41,51948.14,50.1,6,70,195.66,4582.15
TXN1339,2023-10-18,Q4 2023,Consulting,109987.06,54704.8,63185.61,50.1,6,70,146.21,4582.15
TXN1342,2023-10-18,Q4 2023,Cloud Infrastructure,830125.05,418971.33,507346.53,58.1,59,504,135.67,5208.25
TXN1337,2023-10-18,Q4 2023,Hardware Sales,95890.69,78233.92,36420.94,35.5,7,80,133.92,3793.69
TXN1336,2023-10-18,Q4 2023,Digital Services,357450.15,160158.59,261425.81,65.0,26,222,111.86,5152.04
TXN1335,2023-10-18,Q4 2023,Digital Services,428017.16,132980.43,235243.09,65.0,26,222,74.56,5152.04
TXN1338,2023-10-18,Q4 2023,Hardware Sales,119720.72,70504.72,41744.1,35.5,7,80,156.09,3793.69
TXN1353,2023-11-17,Q4 2023,Cloud Infrastructure,1019999.47,365097.45,605647.89,59.1,64,720,161.6,4129.1
TXN1344,2023-11-17,Q4 2023,Digital Services,491447.78,152313.85,313217.37,64.5,27,236,101.5,5463.95
TXN1345,2023-11-17,Q4 2023,Digital Services,433129.74,180897.07,262682.44,64.5,27,236,170.68,5463.95
TXN1346,2023-11-17,Q4 2023,Digital Services,505877.55,140706.78,317054.39,64.5,27,236,123.96,5463.95
TXN1347,2023-11-17,Q4 2023,Hardware Sales,99037.55,79245.59,35278.94,31.9,7,79,154.4,3951.13
TXN1348,2023-11-17,Q4 2023,Hardware Sales,102704.59,72306.96,38750.35,31.9,7,79,99.56,3951.13
TXN1349,2023-11-17,Q4 2023,Consulting,130480.09,63107.91,56595.74,47.7,6,48,161.35,7221.5
TXN1350,2023-11-17,Q4 2023,Consulting,118497.24,58774.5,50571.14,47.7,6,48,133.39,7221.5
TXN1351,2023-11-17,Q4 2023,Consulting,111890.69,62744.37,49955.25,47.7,6,48,73.88,7221.5
TXN1352,2023-11-17,Q4 2023,Cloud Infrastructure,1152125.61,399965.99,535533.74,59.1,64,720,51.89,4129.1
TXN1354,2023-11-17,Q4 2023,Cloud Infrastructure,1090578.3,453488.2,631856.65,59.1,64,720,193.1,4129.1
